[{"model": "admin.logentry", "pk": 1, "fields": {"action_time": "2021-05-05T10:36:36.520Z", "user": 1, "content_type": 6, "object_id": "1", "object_repr": "cli4officialks@gmail.com", "action_flag": 2, "change_message": "[{\"changed\": {\"fields\": [\"First name\", \"Last name\"]}}]"}}, {"model": "admin.logentry", "pk": 2, "fields": {"action_time": "2021-05-05T16:03:47.253Z", "user": 1, "content_type": 7, "object_id": "1", "object_repr": "Smartphones | Tablets", "action_flag": 1, "change_message": "[{\"added\": {}}]"}}, {"model": "admin.logentry", "pk": 3, "fields": {"action_time": "2021-05-05T16:05:49.479Z", "user": 1, "content_type": 7, "object_id": "1", "object_repr": "Smartphones | Tablets", "action_flag": 3, "change_message": ""}}, {"model": "admin.logentry", "pk": 4, "fields": {"action_time": "2021-05-06T07:16:14.805Z", "user": 1, "content_type": 7, "object_id": "2", "object_repr": "Smartphones", "action_flag": 1, "change_message": "[{\"added\": {}}]"}}, {"model": "admin.logentry", "pk": 5, "fields": {"action_time": "2021-05-06T07:16:39.564Z", "user": 1, "content_type": 7, "object_id": "3", "object_repr": "Gaming Consoles", "action_flag": 1, "change_message": "[{\"added\": {}}]"}}, {"model": "admin.logentry", "pk": 6, "fields": {"action_time": "2021-05-06T07:17:09.767Z", "user": 1, "content_type": 7, "object_id": "4", "object_repr": "PC Components", "action_flag": 1, "change_message": "[{\"added\": {}}]"}}, {"model": "admin.logentry", "pk": 7, "fields": {"action_time": "2021-05-06T07:17:42.054Z", "user": 1, "content_type": 7, "object_id": "5", "object_repr": "Laptops", "action_flag": 1, "change_message": "[{\"added\": {}}]"}}, {"model": "admin.logentry", "pk": 8, "fields": {"action_time": "2021-05-06T07:17:59.914Z", "user": 1, "content_type": 7, "object_id": "6", "object_repr": "Desktops & PCs", "action_flag": 1, "change_message": "[{\"added\": {}}]"}}, {"model": "admin.logentry", "pk": 9, "fields": {"action_time": "2021-05-06T07:18:09.166Z", "user": 1, "content_type": 7, "object_id": "6", "object_repr": "Desktops & PCs", "action_flag": 2, "change_message": "[{\"changed\": {\"fields\": [\"Category image\"]}}]"}}, {"model": "admin.logentry", "pk": 10, "fields": {"action_time": "2021-05-06T07:18:19.784Z", "user": 1, "content_type": 7, "object_id": "7", "object_repr": "Virtual Reality", "action_flag": 1, "change_message": "[{\"added\": {}}]"}}, {"model": "admin.logentry", "pk": 11, "fields": {"action_time": "2021-05-06T07:18:33.414Z", "user": 1, "content_type": 7, "object_id": "8", "object_repr": "Tablets", "action_flag": 1, "change_message": "[{\"added\": {}}]"}}, {"model": "admin.logentry", "pk": 12, "fields": {"action_time": "2021-05-06T07:18:56.126Z", "user": 1, "content_type": 7, "object_id": "9", "object_repr": "Monitors & TVs", "action_flag": 1, "change_message": "[{\"added\": {}}]"}}, {"model": "admin.logentry", "pk": 13, "fields": {"action_time": "2021-05-06T07:19:14.295Z", "user": 1, "content_type": 7, "object_id": "10", "object_repr": "Audio Accesories", "action_flag": 1, "change_message": "[{\"added\": {}}]"}}, {"model": "admin.logentry", "pk": 14, "fields": {"action_time": "2021-05-06T07:48:08.689Z", "user": 1, "content_type": 8, "object_id": "1", "object_repr": "Apple AirPods Pro", "action_flag": 1, "change_message": "[{\"added\": {}}]"}}, {"model": "admin.logentry", "pk": 15, "fields": {"action_time": "2021-05-06T07:49:08.430Z", "user": 1, "content_type": 8, "object_id": "2", "object_repr": "Apple iPhone 12 Pro Max", "action_flag": 1, "change_message": "[{\"added\": {}}]"}}, {"model": "admin.logentry", "pk": 16, "fields": {"action_time": "2021-05-06T07:50:16.526Z", "user": 1, "content_type": 8, "object_id": "3", "object_repr": "ASUS ROG Swift 360Hz", "action_flag": 1, "change_message": "[{\"added\": {}}]"}}, {"model": "admin.logentry", "pk": 17, "fields": {"action_time": "2021-05-06T07:51:43.617Z", "user": 1, "content_type": 8, "object_id": "4", "object_repr": "Corsair Vengeance - 16GB", "action_flag": 1, "change_message": "[{\"added\": {}}]"}}, {"model": "admin.logentry", "pk": 18, "fields": {"action_time": "2021-05-06T07:53:31.265Z", "user": 1, "content_type": 7, "object_id": "11", "object_repr": "Keyboards & Mice", "action_flag": 1, "change_message": "[{\"added\": {}}]"}}, {"model": "admin.logentry", "pk": 19, "fields": {"action_time": "2021-05-06T07:53:36.114Z", "user": 1, "content_type": 8, "object_id": "5", "object_repr": "Ducky One Mini 2 RGB", "action_flag": 1, "change_message": "[{\"added\": {}}]"}}, {"model": "admin.logentry", "pk": 20, "fields": {"action_time": "2021-05-06T07:54:53.267Z", "user": 1, "content_type": 8, "object_id": "6", "object_repr": "Sony Playstation 5", "action_flag": 1, "change_message": "[{\"added\": {}}]"}}, {"model": "admin.logentry", "pk": 21, "fields": {"action_time": "2021-05-06T07:56:35.640Z", "user": 1, "content_type": 8, "object_id": "7", "object_repr": "HTC Vive Cosmos", "action_flag": 1, "change_message": "[{\"added\": {}}]"}}, {"model": "admin.logentry", "pk": 22, "fields": {"action_time": "2021-05-06T07:57:32.147Z", "user": 1, "content_type": 8, "object_id": "8", "object_repr": "Glorious-Model-D", "action_flag": 1, "change_message": "[{\"added\": {}}]"}}, {"model": "admin.logentry", "pk": 23, "fields": {"action_time": "2021-05-06T07:59:10.718Z", "user": 1, "content_type": 8, "object_id": "9", "object_repr": "Apple iMac with Retina 5K Display", "action_flag": 1, "change_message": "[{\"added\": {}}]"}}, {"model": "admin.logentry", "pk": 24, "fields": {"action_time": "2021-05-06T08:00:00.187Z", "user": 1, "content_type": 8, "object_id": "10", "object_repr": "OneOdio Pro M Wireless", "action_flag": 1, "change_message": "[{\"added\": {}}]"}}, {"model": "admin.logentry", "pk": 25, "fields": {"action_time": "2021-05-06T08:01:26.749Z", "user": 1, "content_type": 8, "object_id": "11", "object_repr": "Xbox series X", "action_flag": 1, "change_message": "[{\"added\": {}}]"}}, {"model": "admin.logentry", "pk": 26, "fields": {"action_time": "2021-05-06T08:03:01.679Z", "user": 1, "content_type": 8, "object_id": "12", "object_repr": "Apple iPad Pro (12.9-inch, Wi-Fi, 256GB)", "action_flag": 1, "change_message": "[{\"added\": {}}]"}}, {"model": "admin.logentry", "pk": 27, "fields": {"action_time": "2021-05-06T13:28:33.263Z", "user": 1, "content_type": 8, "object_id": "2", "object_repr": "Apple iPhone 12 Pro Max", "action_flag": 2, "change_message": "[{\"changed\": {\"fields\": [\"Stock\"]}}]"}}, {"model": "admin.logentry", "pk": 28, "fields": {"action_time": "2021-05-08T07:20:08.760Z", "user": 1, "content_type": 9, "object_id": "2", "object_repr": "Apple AirPods Pro", "action_flag": 3, "change_message": ""}}, {"model": "admin.logentry", "pk": 29, "fields": {"action_time": "2021-05-08T07:22:24.917Z", "user": 1, "content_type": 10, "object_id": "1", "object_repr": "wnhvxdzwcasy9lezuiobj25vxvj8z7it", "action_flag": 3, "change_message": ""}}, {"model": "admin.logentry", "pk": 30, "fields": {"action_time": "2021-05-08T07:26:20.683Z", "user": 1, "content_type": 10, "object_id": "2", "object_repr": "iftrvee5rjk4q8erc8kli5tluq66bacv", "action_flag": 3, "change_message": ""}}, {"model": "admin.logentry", "pk": 31, "fields": {"action_time": "2021-06-19T09:36:09.779Z", "user": 1, "content_type": 8, "object_id": "12", "object_repr": "Apple iPad Pro (12.9-inch, Wi-Fi, 256GB)", "action_flag": 2, "change_message": "[{\"added\": {\"name\": \"Product Gallery\", \"object\": \"Apple iPad Pro (12.9-inch, Wi-Fi, 256GB)\"}}]"}}, {"model": "admin.logentry", "pk": 32, "fields": {"action_time": "2021-06-19T09:55:56.092Z", "user": 1, "content_type": 8, "object_id": "12", "object_repr": "Apple iPad Pro (12.9-inch, Wi-Fi, 256GB)", "action_flag": 2, "change_message": "[{\"deleted\": {\"name\": \"Product Gallery\", \"object\": \"Apple iPad Pro (12.9-inch, Wi-Fi, 256GB)\"}}]"}}, {"model": "admin.logentry", "pk": 33, "fields": {"action_time": "2021-06-19T10:09:58.247Z", "user": 1, "content_type": 8, "object_id": "2", "object_repr": "Apple iPhone 12 Pro Max", "action_flag": 2, "change_message": "[{\"added\": {\"name\": \"Product Gallery\", \"object\": \"Apple iPhone 12 Pro Max\"}}, {\"added\": {\"name\": \"Product Gallery\", \"object\": \"Apple iPhone 12 Pro Max\"}}, {\"added\": {\"name\": \"Product Gallery\", \"object\": \"Apple iPhone 12 Pro Max\"}}, {\"added\": {\"name\": \"Product Gallery\", \"object\": \"Apple iPhone 12 Pro Max\"}}]"}}, {"model": "admin.logentry", "pk": 34, "fields": {"action_time": "2021-06-19T11:29:24.521Z", "user": 1, "content_type": 8, "object_id": "2", "object_repr": "Apple iPhone 12 Pro Max", "action_flag": 2, "change_message": "[]"}}, {"model": "admin.logentry", "pk": 35, "fields": {"action_time": "2021-06-19T11:45:09.238Z", "user": 1, "content_type": 8, "object_id": "2", "object_repr": "Apple iPhone 12 Pro Max", "action_flag": 2, "change_message": "[{\"deleted\": {\"name\": \"Product Gallery\", \"object\": \"Apple iPhone 12 Pro Max\"}}]"}}, {"model": "admin.logentry", "pk": 36, "fields": {"action_time": "2021-06-21T05:30:30.281Z", "user": 1, "content_type": 12, "object_id": "1", "object_repr": "Variation object (1)", "action_flag": 1, "change_message": "[{\"added\": {}}]"}}, {"model": "admin.logentry", "pk": 37, "fields": {"action_time": "2021-06-21T05:30:40.253Z", "user": 1, "content_type": 12, "object_id": "2", "object_repr": "Variation object (2)", "action_flag": 1, "change_message": "[{\"added\": {}}]"}}, {"model": "admin.logentry", "pk": 38, "fields": {"action_time": "2021-06-21T05:32:15.547Z", "user": 1, "content_type": 12, "object_id": "2", "object_repr": "Variation object (2)", "action_flag": 2, "change_message": "[{\"changed\": {\"fields\": [\"Variation value\"]}}]"}}, {"model": "admin.logentry", "pk": 39, "fields": {"action_time": "2021-06-21T05:32:28.966Z", "user": 1, "content_type": 12, "object_id": "3", "object_repr": "Variation object (3)", "action_flag": 1, "change_message": "[{\"added\": {}}]"}}, {"model": "admin.logentry", "pk": 40, "fields": {"action_time": "2021-06-21T05:32:45.388Z", "user": 1, "content_type": 12, "object_id": "1", "object_repr": "Variation object (1)", "action_flag": 2, "change_message": "[{\"changed\": {\"fields\": [\"Variation value\"]}}]"}}, {"model": "admin.logentry", "pk": 41, "fields": {"action_time": "2021-06-21T05:33:10.745Z", "user": 1, "content_type": 12, "object_id": "4", "object_repr": "Variation object (4)", "action_flag": 1, "change_message": "[{\"added\": {}}]"}}, {"model": "admin.logentry", "pk": 42, "fields": {"action_time": "2021-06-21T05:33:26.945Z", "user": 1, "content_type": 12, "object_id": "5", "object_repr": "Variation object (5)", "action_flag": 1, "change_message": "[{\"added\": {}}]"}}, {"model": "admin.logentry", "pk": 43, "fields": {"action_time": "2021-06-21T05:33:38.145Z", "user": 1, "content_type": 12, "object_id": "6", "object_repr": "Variation object (6)", "action_flag": 1, "change_message": "[{\"added\": {}}]"}}, {"model": "admin.logentry", "pk": 44, "fields": {"action_time": "2021-06-21T05:34:13.822Z", "user": 1, "content_type": 12, "object_id": "6", "object_repr": "Variation object (6)", "action_flag": 3, "change_message": ""}}, {"model": "admin.logentry", "pk": 45, "fields": {"action_time": "2021-06-21T05:34:13.826Z", "user": 1, "content_type": 12, "object_id": "5", "object_repr": "Variation object (5)", "action_flag": 3, "change_message": ""}}, {"model": "admin.logentry", "pk": 46, "fields": {"action_time": "2021-06-21T05:34:13.830Z", "user": 1, "content_type": 12, "object_id": "4", "object_repr": "Variation object (4)", "action_flag": 3, "change_message": ""}}, {"model": "admin.logentry", "pk": 47, "fields": {"action_time": "2021-06-21T05:34:13.835Z", "user": 1, "content_type": 12, "object_id": "1", "object_repr": "Variation object (1)", "action_flag": 3, "change_message": ""}}, {"model": "admin.logentry", "pk": 48, "fields": {"action_time": "2021-06-21T05:34:13.839Z", "user": 1, "content_type": 12, "object_id": "3", "object_repr": "Variation object (3)", "action_flag": 3, "change_message": ""}}, {"model": "admin.logentry", "pk": 49, "fields": {"action_time": "2021-06-21T05:34:13.843Z", "user": 1, "content_type": 12, "object_id": "2", "object_repr": "Variation object (2)", "action_flag": 3, "change_message": ""}}, {"model": "admin.logentry", "pk": 50, "fields": {"action_time": "2021-06-21T05:34:30.081Z", "user": 1, "content_type": 12, "object_id": "7", "object_repr": "Variation object (7)", "action_flag": 1, "change_message": "[{\"added\": {}}]"}}, {"model": "admin.logentry", "pk": 51, "fields": {"action_time": "2021-06-21T05:34:39.269Z", "user": 1, "content_type": 12, "object_id": "8", "object_repr": "Variation object (8)", "action_flag": 1, "change_message": "[{\"added\": {}}]"}}, {"model": "admin.logentry", "pk": 52, "fields": {"action_time": "2021-06-21T05:34:50.866Z", "user": 1, "content_type": 12, "object_id": "9", "object_repr": "Variation object (9)", "action_flag": 1, "change_message": "[{\"added\": {}}]"}}, {"model": "admin.logentry", "pk": 53, "fields": {"action_time": "2021-06-21T05:34:59.204Z", "user": 1, "content_type": 12, "object_id": "10", "object_repr": "Variation object (10)", "action_flag": 1, "change_message": "[{\"added\": {}}]"}}, {"model": "admin.logentry", "pk": 54, "fields": {"action_time": "2021-06-21T05:35:09.721Z", "user": 1, "content_type": 12, "object_id": "11", "object_repr": "Variation object (11)", "action_flag": 1, "change_message": "[{\"added\": {}}]"}}, {"model": "admin.logentry", "pk": 55, "fields": {"action_time": "2021-06-21T05:35:20.516Z", "user": 1, "content_type": 12, "object_id": "12", "object_repr": "Variation object (12)", "action_flag": 1, "change_message": "[{\"added\": {}}]"}}, {"model": "admin.logentry", "pk": 56, "fields": {"action_time": "2021-06-21T05:35:55.068Z", "user": 1, "content_type": 8, "object_id": "2", "object_repr": "Apple iPhone 12 Pro Max", "action_flag": 2, "change_message": "[{\"changed\": {\"fields\": [\"Stock\"]}}]"}}, {"model": "admin.logentry", "pk": 57, "fields": {"action_time": "2021-06-21T05:36:06.019Z", "user": 1, "content_type": 12, "object_id": "12", "object_repr": "Variation object (12)", "action_flag": 2, "change_message": "[]"}}, {"model": "admin.logentry", "pk": 58, "fields": {"action_time": "2021-06-22T05:38:13.974Z", "user": 1, "content_type": 6, "object_id": "4", "object_repr": "test2@test.com", "action_flag": 3, "change_message": ""}}, {"model": "admin.logentry", "pk": 59, "fields": {"action_time": "2021-06-22T05:46:01.125Z", "user": 1, "content_type": 6, "object_id": "6", "object_repr": "test3@test.com", "action_flag": 3, "change_message": ""}}, {"model": "admin.logentry", "pk": 60, "fields": {"action_time": "2021-06-22T05:50:45.478Z", "user": 1, "content_type": 6, "object_id": "8", "object_repr": "test4@test.com", "action_flag": 3, "change_message": ""}}, {"model": "admin.logentry", "pk": 61, "fields": {"action_time": "2021-06-22T05:50:45.484Z", "user": 1, "content_type": 6, "object_id": "7", "object_repr": "test3@test.com", "action_flag": 3, "change_message": ""}}, {"model": "admin.logentry", "pk": 62, "fields": {"action_time": "2021-06-22T05:55:32.846Z", "user": 1, "content_type": 6, "object_id": "11", "object_repr": "test5@test.com", "action_flag": 3, "change_message": ""}}, {"model": "admin.logentry", "pk": 63, "fields": {"action_time": "2021-06-22T05:55:32.854Z", "user": 1, "content_type": 6, "object_id": "10", "object_repr": "test4@test.com", "action_flag": 3, "change_message": ""}}, {"model": "admin.logentry", "pk": 64, "fields": {"action_time": "2021-06-22T05:55:32.861Z", "user": 1, "content_type": 6, "object_id": "9", "object_repr": "test3@test.com", "action_flag": 3, "change_message": ""}}, {"model": "admin.logentry", "pk": 65, "fields": {"action_time": "2021-06-22T05:55:32.867Z", "user": 1, "content_type": 6, "object_id": "5", "object_repr": "test2@test.com", "action_flag": 3, "change_message": ""}}, {"model": "admin.logentry", "pk": 66, "fields": {"action_time": "2021-06-22T10:34:50.184Z", "user": 1, "content_type": 6, "object_id": "3", "object_repr": "komeka3390@0ranges.com", "action_flag": 3, "change_message": ""}}, {"model": "admin.logentry", "pk": 67, "fields": {"action_time": "2021-06-22T10:44:40.725Z", "user": 1, "content_type": 6, "object_id": "14", "object_repr": "komeka3390@0ranges.com", "action_flag": 3, "change_message": ""}}, {"model": "admin.logentry", "pk": 68, "fields": {"action_time": "2021-06-22T10:46:21.305Z", "user": 1, "content_type": 6, "object_id": "15", "object_repr": "komeka3390@0ranges.com", "action_flag": 3, "change_message": ""}}, {"model": "admin.logentry", "pk": 69, "fields": {"action_time": "2021-06-22T10:52:06.866Z", "user": 1, "content_type": 6, "object_id": "16", "object_repr": "komeka3390@0ranges.com", "action_flag": 3, "change_message": ""}}, {"model": "admin.logentry", "pk": 70, "fields": {"action_time": "2021-06-22T10:54:06.418Z", "user": 1, "content_type": 6, "object_id": "17", "object_repr": "komeka3390@0ranges.com", "action_flag": 3, "change_message": ""}}, {"model": "admin.logentry", "pk": 71, "fields": {"action_time": "2021-06-22T11:22:05.200Z", "user": 1, "content_type": 6, "object_id": "18", "object_repr": "komeka3390@0ranges.com", "action_flag": 3, "change_message": ""}}, {"model": "admin.logentry", "pk": 72, "fields": {"action_time": "2021-06-24T03:13:26.848Z", "user": 1, "content_type": 9, "object_id": "34", "object_repr": "CartItem object (34)", "action_flag": 3, "change_message": ""}}, {"model": "admin.logentry", "pk": 73, "fields": {"action_time": "2021-06-24T03:13:26.852Z", "user": 1, "content_type": 9, "object_id": "33", "object_repr": "CartItem object (33)", "action_flag": 3, "change_message": ""}}, {"model": "admin.logentry", "pk": 74, "fields": {"action_time": "2021-06-24T03:13:26.856Z", "user": 1, "content_type": 9, "object_id": "32", "object_repr": "CartItem object (32)", "action_flag": 3, "change_message": ""}}, {"model": "admin.logentry", "pk": 75, "fields": {"action_time": "2021-06-24T03:13:26.860Z", "user": 1, "content_type": 9, "object_id": "29", "object_repr": "CartItem object (29)", "action_flag": 3, "change_message": ""}}, {"model": "admin.logentry", "pk": 76, "fields": {"action_time": "2021-06-24T03:13:26.865Z", "user": 1, "content_type": 9, "object_id": "28", "object_repr": "CartItem object (28)", "action_flag": 3, "change_message": ""}}, {"model": "admin.logentry", "pk": 77, "fields": {"action_time": "2021-06-24T03:13:33.286Z", "user": 1, "content_type": 10, "object_id": "8", "object_repr": "6bkdbrb750fbanlxrnhv5k22qiamf13i", "action_flag": 3, "change_message": ""}}, {"model": "admin.logentry", "pk": 78, "fields": {"action_time": "2021-06-24T03:13:33.291Z", "user": 1, "content_type": 10, "object_id": "7", "object_repr": "", "action_flag": 3, "change_message": ""}}, {"model": "admin.logentry", "pk": 79, "fields": {"action_time": "2021-06-24T03:13:33.295Z", "user": 1, "content_type": 10, "object_id": "6", "object_repr": "xnqfkf6mth2b2fpimyrumclv8liskwjx", "action_flag": 3, "change_message": ""}}, {"model": "admin.logentry", "pk": 80, "fields": {"action_time": "2021-06-24T03:13:33.299Z", "user": 1, "content_type": 10, "object_id": "5", "object_repr": "c1os1efuyj9plsu1zxluxats5isaaha8", "action_flag": 3, "change_message": ""}}, {"model": "admin.logentry", "pk": 81, "fields": {"action_time": "2021-06-24T03:13:33.303Z", "user": 1, "content_type": 10, "object_id": "4", "object_repr": "i7fwpd0a1q3k13rqk3820qdj6uf560ig", "action_flag": 3, "change_message": ""}}, {"model": "admin.logentry", "pk": 82, "fields": {"action_time": "2021-06-24T03:13:33.307Z", "user": 1, "content_type": 10, "object_id": "3", "object_repr": "iftrvee5rjk4q8erc8kli5tluq66bacv", "action_flag": 3, "change_message": ""}}, {"model": "admin.logentry", "pk": 83, "fields": {"action_time": "2021-06-24T03:17:45.602Z", "user": 1, "content_type": 10, "object_id": "9", "object_repr": "", "action_flag": 3, "change_message": ""}}, {"model": "admin.logentry", "pk": 84, "fields": {"action_time": "2021-06-24T03:19:08.637Z", "user": 1, "content_type": 10, "object_id": "10", "object_repr": "7r8bt8heufvtsv83t4rwmgz1rqgfx4ln", "action_flag": 3, "change_message": ""}}, {"model": "admin.logentry", "pk": 85, "fields": {"action_time": "2021-06-24T03:30:06.216Z", "user": 1, "content_type": 9, "object_id": "37", "object_repr": "CartItem object (37)", "action_flag": 3, "change_message": ""}}, {"model": "admin.logentry", "pk": 86, "fields": {"action_time": "2021-06-24T03:30:12.259Z", "user": 1, "content_type": 10, "object_id": "11", "object_repr": "et28vsl5m09150a4bpjxjhuajt88tb0r", "action_flag": 3, "change_message": ""}}, {"model": "admin.logentry", "pk": 87, "fields": {"action_time": "2021-06-24T03:30:53.432Z", "user": 1, "content_type": 9, "object_id": "39", "object_repr": "CartItem object (39)", "action_flag": 3, "change_message": ""}}, {"model": "admin.logentry", "pk": 88, "fields": {"action_time": "2021-06-24T03:30:53.438Z", "user": 1, "content_type": 9, "object_id": "38", "object_repr": "CartItem object (38)", "action_flag": 3, "change_message": ""}}, {"model": "admin.logentry", "pk": 89, "fields": {"action_time": "2021-06-24T03:31:00.013Z", "user": 1, "content_type": 10, "object_id": "13", "object_repr": "1w2q9jm8nx6e5rczftwqchhceyzav87v", "action_flag": 3, "change_message": ""}}, {"model": "admin.logentry", "pk": 90, "fields": {"action_time": "2021-06-24T03:31:00.020Z", "user": 1, "content_type": 10, "object_id": "12", "object_repr": "29blpcfaji1tbg2brszqv9yx3ykybao6", "action_flag": 3, "change_message": ""}}, {"model": "admin.logentry", "pk": 91, "fields": {"action_time": "2021-06-24T04:48:19.941Z", "user": 1, "content_type": 9, "object_id": "41", "object_repr": "CartItem object (41)", "action_flag": 3, "change_message": ""}}, {"model": "admin.logentry", "pk": 92, "fields": {"action_time": "2021-06-24T04:48:19.946Z", "user": 1, "content_type": 9, "object_id": "40", "object_repr": "CartItem object (40)", "action_flag": 3, "change_message": ""}}, {"model": "admin.logentry", "pk": 93, "fields": {"action_time": "2021-06-24T04:48:26.286Z", "user": 1, "content_type": 10, "object_id": "15", "object_repr": "oyvpd0bwbeovzb8nrp9nrizl8m6xpyas", "action_flag": 3, "change_message": ""}}, {"model": "admin.logentry", "pk": 94, "fields": {"action_time": "2021-06-24T04:48:26.291Z", "user": 1, "content_type": 10, "object_id": "14", "object_repr": "cc9r4925ey18q5gaulg6230jq1qnj7wc", "action_flag": 3, "change_message": ""}}, {"model": "admin.logentry", "pk": 95, "fields": {"action_time": "2021-06-24T05:06:38.455Z", "user": 1, "content_type": 10, "object_id": "17", "object_repr": "y2f9jkbbln0qus3ob0q6gzu9yeal2fht", "action_flag": 3, "change_message": ""}}, {"model": "admin.logentry", "pk": 96, "fields": {"action_time": "2021-06-24T05:06:38.460Z", "user": 1, "content_type": 10, "object_id": "16", "object_repr": "3rjnzadr5tescog8u5oowjs2iyimgpch", "action_flag": 3, "change_message": ""}}, {"model": "admin.logentry", "pk": 97, "fields": {"action_time": "2021-06-24T05:28:37.772Z", "user": 1, "content_type": 9, "object_id": "45", "object_repr": "CartItem object (45)", "action_flag": 3, "change_message": ""}}, {"model": "admin.logentry", "pk": 98, "fields": {"action_time": "2021-06-24T05:28:37.776Z", "user": 1, "content_type": 9, "object_id": "44", "object_repr": "CartItem object (44)", "action_flag": 3, "change_message": ""}}, {"model": "admin.logentry", "pk": 99, "fields": {"action_time": "2021-06-27T02:56:37.994Z", "user": 1, "content_type": 10, "object_id": "21", "object_repr": "3756f96b48vjnxz9ss6gd3oh1wh8681h", "action_flag": 3, "change_message": ""}}, {"model": "admin.logentry", "pk": 100, "fields": {"action_time": "2021-06-27T02:56:38.002Z", "user": 1, "content_type": 10, "object_id": "20", "object_repr": "b8c0i6jlj3ayozstsowjhgt2r562s2kp", "action_flag": 3, "change_message": ""}}, {"model": "admin.logentry", "pk": 101, "fields": {"action_time": "2021-06-27T02:56:38.005Z", "user": 1, "content_type": 10, "object_id": "18", "object_repr": "kmgxet0szgas5uocrj6dscd9wgouwgmi", "action_flag": 3, "change_message": ""}}, {"model": "admin.logentry", "pk": 102, "fields": {"action_time": "2021-06-27T02:56:38.009Z", "user": 1, "content_type": 10, "object_id": "22", "object_repr": "qdavpno48s5u68m30oht7nsegyy14ya8", "action_flag": 3, "change_message": ""}}, {"model": "admin.logentry", "pk": 103, "fields": {"action_time": "2021-06-27T02:56:38.015Z", "user": 1, "content_type": 10, "object_id": "23", "object_repr": "sqjcaml4fhwvcgd8ibwj7xvz2ehndsrk", "action_flag": 3, "change_message": ""}}, {"model": "admin.logentry", "pk": 104, "fields": {"action_time": "2021-06-27T02:56:38.018Z", "user": 1, "content_type": 10, "object_id": "19", "object_repr": "tcpaf558qswvgnrl5kd13vokz28op0nv", "action_flag": 3, "change_message": ""}}, {"model": "admin.logentry", "pk": 105, "fields": {"action_time": "2021-06-27T02:56:51.506Z", "user": 1, "content_type": 9, "object_id": "56", "object_repr": "CartItem object (56)", "action_flag": 3, "change_message": ""}}, {"model": "admin.logentry", "pk": 106, "fields": {"action_time": "2021-06-27T03:11:19.899Z", "user": 1, "content_type": 14, "object_id": "1", "object_repr": "Jeramie", "action_flag": 3, "change_message": ""}}, {"model": "admin.logentry", "pk": 107, "fields": {"action_time": "2021-06-27T03:44:19.844Z", "user": 1, "content_type": 14, "object_id": "2", "object_repr": "Heath", "action_flag": 3, "change_message": ""}}, {"model": "admin.logentry", "pk": 108, "fields": {"action_time": "2021-06-28T12:58:53.796Z", "user": 1, "content_type": 8, "object_id": "2", "object_repr": "Apple iPhone 12 Pro Max", "action_flag": 2, "change_message": "[{\"changed\": {\"fields\": [\"Stock\"]}}]"}}, {"model": "admin.logentry", "pk": 109, "fields": {"action_time": "2021-06-29T05:18:46.041Z", "user": 1, "content_type": 14, "object_id": "71", "object_repr": "Katrine", "action_flag": 3, "change_message": ""}}, {"model": "admin.logentry", "pk": 110, "fields": {"action_time": "2021-06-29T05:18:46.047Z", "user": 1, "content_type": 14, "object_id": "70", "object_repr": "Murray", "action_flag": 3, "change_message": ""}}, {"model": "admin.logentry", "pk": 111, "fields": {"action_time": "2021-06-29T05:18:46.050Z", "user": 1, "content_type": 14, "object_id": "69", "object_repr": "Chadrick", "action_flag": 3, "change_message": ""}}, {"model": "admin.logentry", "pk": 112, "fields": {"action_time": "2021-06-29T05:18:46.055Z", "user": 1, "content_type": 14, "object_id": "68", "object_repr": "Hallie", "action_flag": 3, "change_message": ""}}, {"model": "admin.logentry", "pk": 113, "fields": {"action_time": "2021-06-29T05:18:46.059Z", "user": 1, "content_type": 14, "object_id": "67", "object_repr": "Mathilde", "action_flag": 3, "change_message": ""}}, {"model": "admin.logentry", "pk": 114, "fields": {"action_time": "2021-06-29T05:18:46.062Z", "user": 1, "content_type": 14, "object_id": "66", "object_repr": "Magdalen", "action_flag": 3, "change_message": ""}}, {"model": "admin.logentry", "pk": 115, "fields": {"action_time": "2021-06-29T05:18:46.069Z", "user": 1, "content_type": 14, "object_id": "65", "object_repr": "Eda", "action_flag": 3, "change_message": ""}}, {"model": "admin.logentry", "pk": 116, "fields": {"action_time": "2021-06-29T05:18:46.075Z", "user": 1, "content_type": 14, "object_id": "64", "object_repr": "Eda", "action_flag": 3, "change_message": ""}}, {"model": "admin.logentry", "pk": 117, "fields": {"action_time": "2021-06-29T05:18:46.078Z", "user": 1, "content_type": 14, "object_id": "63", "object_repr": "Eda", "action_flag": 3, "change_message": ""}}, {"model": "admin.logentry", "pk": 118, "fields": {"action_time": "2021-06-29T05:18:46.082Z", "user": 1, "content_type": 14, "object_id": "62", "object_repr": "Rhoda", "action_flag": 3, "change_message": ""}}, {"model": "admin.logentry", "pk": 119, "fields": {"action_time": "2021-06-29T05:18:46.087Z", "user": 1, "content_type": 14, "object_id": "61", "object_repr": "Rhoda", "action_flag": 3, "change_message": ""}}, {"model": "admin.logentry", "pk": 120, "fields": {"action_time": "2021-06-29T05:18:46.091Z", "user": 1, "content_type": 14, "object_id": "60", "object_repr": "Rhoda", "action_flag": 3, "change_message": ""}}, {"model": "admin.logentry", "pk": 121, "fields": {"action_time": "2021-06-29T05:18:46.095Z", "user": 1, "content_type": 14, "object_id": "59", "object_repr": "Rhoda", "action_flag": 3, "change_message": ""}}, {"model": "admin.logentry", "pk": 122, "fields": {"action_time": "2021-06-29T05:18:46.100Z", "user": 1, "content_type": 14, "object_id": "58", "object_repr": "Noemy", "action_flag": 3, "change_message": ""}}, {"model": "admin.logentry", "pk": 123, "fields": {"action_time": "2021-06-29T05:18:46.104Z", "user": 1, "content_type": 14, "object_id": "57", "object_repr": "Noemy", "action_flag": 3, "change_message": ""}}, {"model": "admin.logentry", "pk": 124, "fields": {"action_time": "2021-06-29T05:18:46.108Z", "user": 1, "content_type": 14, "object_id": "56", "object_repr": "Noemy", "action_flag": 3, "change_message": ""}}, {"model": "admin.logentry", "pk": 125, "fields": {"action_time": "2021-06-29T05:18:46.112Z", "user": 1, "content_type": 14, "object_id": "55", "object_repr": "Noemy", "action_flag": 3, "change_message": ""}}, {"model": "admin.logentry", "pk": 126, "fields": {"action_time": "2021-06-29T05:18:46.115Z", "user": 1, "content_type": 14, "object_id": "54", "object_repr": "Noemy", "action_flag": 3, "change_message": ""}}, {"model": "admin.logentry", "pk": 127, "fields": {"action_time": "2021-06-29T05:18:46.119Z", "user": 1, "content_type": 14, "object_id": "53", "object_repr": "Noemy", "action_flag": 3, "change_message": ""}}, {"model": "admin.logentry", "pk": 128, "fields": {"action_time": "2021-06-29T05:18:46.123Z", "user": 1, "content_type": 14, "object_id": "52", "object_repr": "Noemy", "action_flag": 3, "change_message": ""}}, {"model": "admin.logentry", "pk": 129, "fields": {"action_time": "2021-06-29T05:18:46.127Z", "user": 1, "content_type": 14, "object_id": "51", "object_repr": "Noemy", "action_flag": 3, "change_message": ""}}, {"model": "admin.logentry", "pk": 130, "fields": {"action_time": "2021-06-29T05:18:46.131Z", "user": 1, "content_type": 14, "object_id": "50", "object_repr": "Noemy", "action_flag": 3, "change_message": ""}}, {"model": "admin.logentry", "pk": 131, "fields": {"action_time": "2021-06-29T05:18:46.136Z", "user": 1, "content_type": 14, "object_id": "49", "object_repr": "Noemy", "action_flag": 3, "change_message": ""}}, {"model": "admin.logentry", "pk": 132, "fields": {"action_time": "2021-06-29T05:18:46.139Z", "user": 1, "content_type": 14, "object_id": "48", "object_repr": "Noemy", "action_flag": 3, "change_message": ""}}, {"model": "admin.logentry", "pk": 133, "fields": {"action_time": "2021-06-29T05:18:46.143Z", "user": 1, "content_type": 14, "object_id": "47", "object_repr": "Noemy", "action_flag": 3, "change_message": ""}}, {"model": "admin.logentry", "pk": 134, "fields": {"action_time": "2021-06-29T05:18:46.147Z", "user": 1, "content_type": 14, "object_id": "46", "object_repr": "Noemy", "action_flag": 3, "change_message": ""}}, {"model": "admin.logentry", "pk": 135, "fields": {"action_time": "2021-06-29T05:18:46.151Z", "user": 1, "content_type": 14, "object_id": "45", "object_repr": "Noemy", "action_flag": 3, "change_message": ""}}, {"model": "admin.logentry", "pk": 136, "fields": {"action_time": "2021-06-29T05:18:46.156Z", "user": 1, "content_type": 14, "object_id": "44", "object_repr": "Noemy", "action_flag": 3, "change_message": ""}}, {"model": "admin.logentry", "pk": 137, "fields": {"action_time": "2021-06-29T05:18:46.160Z", "user": 1, "content_type": 14, "object_id": "43", "object_repr": "Noemy", "action_flag": 3, "change_message": ""}}, {"model": "admin.logentry", "pk": 138, "fields": {"action_time": "2021-06-29T05:18:46.163Z", "user": 1, "content_type": 14, "object_id": "42", "object_repr": "Noemy", "action_flag": 3, "change_message": ""}}, {"model": "admin.logentry", "pk": 139, "fields": {"action_time": "2021-06-29T05:18:46.167Z", "user": 1, "content_type": 14, "object_id": "41", "object_repr": "Noemy", "action_flag": 3, "change_message": ""}}, {"model": "admin.logentry", "pk": 140, "fields": {"action_time": "2021-06-29T05:18:46.171Z", "user": 1, "content_type": 14, "object_id": "40", "object_repr": "Noemy", "action_flag": 3, "change_message": ""}}, {"model": "admin.logentry", "pk": 141, "fields": {"action_time": "2021-06-29T05:18:46.177Z", "user": 1, "content_type": 14, "object_id": "39", "object_repr": "Noemy", "action_flag": 3, "change_message": ""}}, {"model": "admin.logentry", "pk": 142, "fields": {"action_time": "2021-06-29T05:18:46.180Z", "user": 1, "content_type": 14, "object_id": "38", "object_repr": "Noemy", "action_flag": 3, "change_message": ""}}, {"model": "admin.logentry", "pk": 143, "fields": {"action_time": "2021-06-29T05:18:46.186Z", "user": 1, "content_type": 14, "object_id": "37", "object_repr": "Noemy", "action_flag": 3, "change_message": ""}}, {"model": "admin.logentry", "pk": 144, "fields": {"action_time": "2021-06-29T05:18:46.190Z", "user": 1, "content_type": 14, "object_id": "36", "object_repr": "Noemy", "action_flag": 3, "change_message": ""}}, {"model": "admin.logentry", "pk": 145, "fields": {"action_time": "2021-06-29T05:18:46.195Z", "user": 1, "content_type": 14, "object_id": "35", "object_repr": "Noemy", "action_flag": 3, "change_message": ""}}, {"model": "admin.logentry", "pk": 146, "fields": {"action_time": "2021-06-29T05:18:46.199Z", "user": 1, "content_type": 14, "object_id": "34", "object_repr": "Noemy", "action_flag": 3, "change_message": ""}}, {"model": "admin.logentry", "pk": 147, "fields": {"action_time": "2021-06-29T05:18:46.203Z", "user": 1, "content_type": 14, "object_id": "33", "object_repr": "Noemy", "action_flag": 3, "change_message": ""}}, {"model": "admin.logentry", "pk": 148, "fields": {"action_time": "2021-06-29T05:18:46.207Z", "user": 1, "content_type": 14, "object_id": "32", "object_repr": "Noemy", "action_flag": 3, "change_message": ""}}, {"model": "admin.logentry", "pk": 149, "fields": {"action_time": "2021-06-29T05:18:46.211Z", "user": 1, "content_type": 14, "object_id": "31", "object_repr": "Noemy", "action_flag": 3, "change_message": ""}}, {"model": "admin.logentry", "pk": 150, "fields": {"action_time": "2021-06-29T05:18:46.216Z", "user": 1, "content_type": 14, "object_id": "30", "object_repr": "Noemy", "action_flag": 3, "change_message": ""}}, {"model": "admin.logentry", "pk": 151, "fields": {"action_time": "2021-06-29T05:18:46.219Z", "user": 1, "content_type": 14, "object_id": "29", "object_repr": "Noemy", "action_flag": 3, "change_message": ""}}, {"model": "admin.logentry", "pk": 152, "fields": {"action_time": "2021-06-29T05:18:46.224Z", "user": 1, "content_type": 14, "object_id": "28", "object_repr": "Noemy", "action_flag": 3, "change_message": ""}}, {"model": "admin.logentry", "pk": 153, "fields": {"action_time": "2021-06-29T05:18:46.228Z", "user": 1, "content_type": 14, "object_id": "27", "object_repr": "Noemy", "action_flag": 3, "change_message": ""}}, {"model": "admin.logentry", "pk": 154, "fields": {"action_time": "2021-06-29T05:18:46.232Z", "user": 1, "content_type": 14, "object_id": "26", "object_repr": "Noemy", "action_flag": 3, "change_message": ""}}, {"model": "admin.logentry", "pk": 155, "fields": {"action_time": "2021-06-29T05:18:46.236Z", "user": 1, "content_type": 14, "object_id": "25", "object_repr": "Noemy", "action_flag": 3, "change_message": ""}}, {"model": "admin.logentry", "pk": 156, "fields": {"action_time": "2021-06-29T05:18:46.240Z", "user": 1, "content_type": 14, "object_id": "24", "object_repr": "Noemy", "action_flag": 3, "change_message": ""}}, {"model": "admin.logentry", "pk": 157, "fields": {"action_time": "2021-06-29T05:18:46.246Z", "user": 1, "content_type": 14, "object_id": "23", "object_repr": "Noemy", "action_flag": 3, "change_message": ""}}, {"model": "admin.logentry", "pk": 158, "fields": {"action_time": "2021-06-29T05:18:46.250Z", "user": 1, "content_type": 14, "object_id": "22", "object_repr": "Noemy", "action_flag": 3, "change_message": ""}}, {"model": "admin.logentry", "pk": 159, "fields": {"action_time": "2021-06-29T05:18:46.255Z", "user": 1, "content_type": 14, "object_id": "21", "object_repr": "Noemy", "action_flag": 3, "change_message": ""}}, {"model": "admin.logentry", "pk": 160, "fields": {"action_time": "2021-06-29T05:18:46.259Z", "user": 1, "content_type": 14, "object_id": "20", "object_repr": "Noemy", "action_flag": 3, "change_message": ""}}, {"model": "admin.logentry", "pk": 161, "fields": {"action_time": "2021-06-29T05:18:46.263Z", "user": 1, "content_type": 14, "object_id": "19", "object_repr": "Noemy", "action_flag": 3, "change_message": ""}}, {"model": "admin.logentry", "pk": 162, "fields": {"action_time": "2021-06-29T05:18:46.267Z", "user": 1, "content_type": 14, "object_id": "18", "object_repr": "Noemy", "action_flag": 3, "change_message": ""}}, {"model": "admin.logentry", "pk": 163, "fields": {"action_time": "2021-06-29T05:18:46.270Z", "user": 1, "content_type": 14, "object_id": "17", "object_repr": "Noemy", "action_flag": 3, "change_message": ""}}, {"model": "admin.logentry", "pk": 164, "fields": {"action_time": "2021-06-29T05:18:46.275Z", "user": 1, "content_type": 14, "object_id": "16", "object_repr": "Noemy", "action_flag": 3, "change_message": ""}}, {"model": "admin.logentry", "pk": 165, "fields": {"action_time": "2021-06-29T05:18:46.279Z", "user": 1, "content_type": 14, "object_id": "15", "object_repr": "Noemy", "action_flag": 3, "change_message": ""}}, {"model": "admin.logentry", "pk": 166, "fields": {"action_time": "2021-06-29T05:18:46.283Z", "user": 1, "content_type": 14, "object_id": "14", "object_repr": "Noemy", "action_flag": 3, "change_message": ""}}, {"model": "admin.logentry", "pk": 167, "fields": {"action_time": "2021-06-29T05:18:46.287Z", "user": 1, "content_type": 14, "object_id": "13", "object_repr": "Noemy", "action_flag": 3, "change_message": ""}}, {"model": "admin.logentry", "pk": 168, "fields": {"action_time": "2021-06-29T05:18:46.291Z", "user": 1, "content_type": 14, "object_id": "12", "object_repr": "Noemy", "action_flag": 3, "change_message": ""}}, {"model": "admin.logentry", "pk": 169, "fields": {"action_time": "2021-06-29T05:18:46.295Z", "user": 1, "content_type": 14, "object_id": "11", "object_repr": "Noemy", "action_flag": 3, "change_message": ""}}, {"model": "admin.logentry", "pk": 170, "fields": {"action_time": "2021-06-29T05:18:46.299Z", "user": 1, "content_type": 14, "object_id": "10", "object_repr": "Noemy", "action_flag": 3, "change_message": ""}}, {"model": "admin.logentry", "pk": 171, "fields": {"action_time": "2021-06-29T05:18:46.302Z", "user": 1, "content_type": 14, "object_id": "9", "object_repr": "Noemy", "action_flag": 3, "change_message": ""}}, {"model": "admin.logentry", "pk": 172, "fields": {"action_time": "2021-06-29T05:18:46.307Z", "user": 1, "content_type": 14, "object_id": "8", "object_repr": "Noemy", "action_flag": 3, "change_message": ""}}, {"model": "admin.logentry", "pk": 173, "fields": {"action_time": "2021-06-29T05:18:46.311Z", "user": 1, "content_type": 14, "object_id": "7", "object_repr": "Noemy", "action_flag": 3, "change_message": ""}}, {"model": "admin.logentry", "pk": 174, "fields": {"action_time": "2021-06-29T05:18:46.316Z", "user": 1, "content_type": 14, "object_id": "6", "object_repr": "Noemy", "action_flag": 3, "change_message": ""}}, {"model": "admin.logentry", "pk": 175, "fields": {"action_time": "2021-06-29T05:18:46.320Z", "user": 1, "content_type": 14, "object_id": "5", "object_repr": "Noemy", "action_flag": 3, "change_message": ""}}, {"model": "admin.logentry", "pk": 176, "fields": {"action_time": "2021-06-29T05:18:46.324Z", "user": 1, "content_type": 14, "object_id": "4", "object_repr": "Noemy", "action_flag": 3, "change_message": ""}}, {"model": "admin.logentry", "pk": 177, "fields": {"action_time": "2021-06-29T05:18:46.327Z", "user": 1, "content_type": 14, "object_id": "3", "object_repr": "Jillian", "action_flag": 3, "change_message": ""}}, {"model": "admin.logentry", "pk": 178, "fields": {"action_time": "2021-06-29T05:36:04.485Z", "user": 1, "content_type": 16, "object_id": "2", "object_repr": "Apple most secure phone but clearly overpriced", "action_flag": 1, "change_message": "[{\"added\": {}}]"}}, {"model": "admin.logentry", "pk": 179, "fields": {"action_time": "2021-06-29T10:44:34.686Z", "user": 1, "content_type": 6, "object_id": "1", "object_repr": "your.email+fakedata34752@gmail.com", "action_flag": 2, "change_message": "[{\"changed\": {\"fields\": [\"First name\", \"Last name\", \"Username\", \"Email\", \"Phone number\"]}}]"}}, {"model": "admin.logentry", "pk": 180, "fields": {"action_time": "2021-06-29T10:49:39.552Z", "user": 20, "content_type": 6, "object_id": "20", "object_repr": "cli4officialks@gmail.com", "action_flag": 2, "change_message": "[{\"changed\": {\"fields\": [\"Phone number\"]}}]"}}, {"model": "admin.logentry", "pk": 181, "fields": {"action_time": "2021-06-29T13:18:47.355Z", "user": 20, "content_type": 17, "object_id": "1", "object_repr": "Agnostic", "action_flag": 1, "change_message": "[{\"added\": {}}]"}}, {"model": "auth.permission", "pk": 1, "fields": {"name": "Can add log entry", "content_type": 1, "codename": "add_logentry"}}, {"model": "auth.permission", "pk": 2, "fields": {"name": "Can change log entry", "content_type": 1, "codename": "change_logentry"}}, {"model": "auth.permission", "pk": 3, "fields": {"name": "Can delete log entry", "content_type": 1, "codename": "delete_logentry"}}, {"model": "auth.permission", "pk": 4, "fields": {"name": "Can view log entry", "content_type": 1, "codename": "view_logentry"}}, {"model": "auth.permission", "pk": 5, "fields": {"name": "Can add permission", "content_type": 2, "codename": "add_permission"}}, {"model": "auth.permission", "pk": 6, "fields": {"name": "Can change permission", "content_type": 2, "codename": "change_permission"}}, {"model": "auth.permission", "pk": 7, "fields": {"name": "Can delete permission", "content_type": 2, "codename": "delete_permission"}}, {"model": "auth.permission", "pk": 8, "fields": {"name": "Can view permission", "content_type": 2, "codename": "view_permission"}}, {"model": "auth.permission", "pk": 9, "fields": {"name": "Can add group", "content_type": 3, "codename": "add_group"}}, {"model": "auth.permission", "pk": 10, "fields": {"name": "Can change group", "content_type": 3, "codename": "change_group"}}, {"model": "auth.permission", "pk": 11, "fields": {"name": "Can delete group", "content_type": 3, "codename": "delete_group"}}, {"model": "auth.permission", "pk": 12, "fields": {"name": "Can view group", "content_type": 3, "codename": "view_group"}}, {"model": "auth.permission", "pk": 13, "fields": {"name": "Can add content type", "content_type": 4, "codename": "add_contenttype"}}, {"model": "auth.permission", "pk": 14, "fields": {"name": "Can change content type", "content_type": 4, "codename": "change_contenttype"}}, {"model": "auth.permission", "pk": 15, "fields": {"name": "Can delete content type", "content_type": 4, "codename": "delete_contenttype"}}, {"model": "auth.permission", "pk": 16, "fields": {"name": "Can view content type", "content_type": 4, "codename": "view_contenttype"}}, {"model": "auth.permission", "pk": 17, "fields": {"name": "Can add session", "content_type": 5, "codename": "add_session"}}, {"model": "auth.permission", "pk": 18, "fields": {"name": "Can change session", "content_type": 5, "codename": "change_session"}}, {"model": "auth.permission", "pk": 19, "fields": {"name": "Can delete session", "content_type": 5, "codename": "delete_session"}}, {"model": "auth.permission", "pk": 20, "fields": {"name": "Can view session", "content_type": 5, "codename": "view_session"}}, {"model": "auth.permission", "pk": 21, "fields": {"name": "Can add account", "content_type": 6, "codename": "add_account"}}, {"model": "auth.permission", "pk": 22, "fields": {"name": "Can change account", "content_type": 6, "codename": "change_account"}}, {"model": "auth.permission", "pk": 23, "fields": {"name": "Can delete account", "content_type": 6, "codename": "delete_account"}}, {"model": "auth.permission", "pk": 24, "fields": {"name": "Can view account", "content_type": 6, "codename": "view_account"}}, {"model": "auth.permission", "pk": 25, "fields": {"name": "Can add category", "content_type": 7, "codename": "add_category"}}, {"model": "auth.permission", "pk": 26, "fields": {"name": "Can change category", "content_type": 7, "codename": "change_category"}}, {"model": "auth.permission", "pk": 27, "fields": {"name": "Can delete category", "content_type": 7, "codename": "delete_category"}}, {"model": "auth.permission", "pk": 28, "fields": {"name": "Can view category", "content_type": 7, "codename": "view_category"}}, {"model": "auth.permission", "pk": 29, "fields": {"name": "Can add product", "content_type": 8, "codename": "add_product"}}, {"model": "auth.permission", "pk": 30, "fields": {"name": "Can change product", "content_type": 8, "codename": "change_product"}}, {"model": "auth.permission", "pk": 31, "fields": {"name": "Can delete product", "content_type": 8, "codename": "delete_product"}}, {"model": "auth.permission", "pk": 32, "fields": {"name": "Can view product", "content_type": 8, "codename": "view_product"}}, {"model": "auth.permission", "pk": 33, "fields": {"name": "Can add cart item", "content_type": 9, "codename": "add_cartitem"}}, {"model": "auth.permission", "pk": 34, "fields": {"name": "Can change cart item", "content_type": 9, "codename": "change_cartitem"}}, {"model": "auth.permission", "pk": 35, "fields": {"name": "Can delete cart item", "content_type": 9, "codename": "delete_cartitem"}}, {"model": "auth.permission", "pk": 36, "fields": {"name": "Can view cart item", "content_type": 9, "codename": "view_cartitem"}}, {"model": "auth.permission", "pk": 37, "fields": {"name": "Can add cart", "content_type": 10, "codename": "add_cart"}}, {"model": "auth.permission", "pk": 38, "fields": {"name": "Can change cart", "content_type": 10, "codename": "change_cart"}}, {"model": "auth.permission", "pk": 39, "fields": {"name": "Can delete cart", "content_type": 10, "codename": "delete_cart"}}, {"model": "auth.permission", "pk": 40, "fields": {"name": "Can view cart", "content_type": 10, "codename": "view_cart"}}, {"model": "auth.permission", "pk": 41, "fields": {"name": "Can add Product Gallery", "content_type": 11, "codename": "add_productgallery"}}, {"model": "auth.permission", "pk": 42, "fields": {"name": "Can change Product Gallery", "content_type": 11, "codename": "change_productgallery"}}, {"model": "auth.permission", "pk": 43, "fields": {"name": "Can delete Product Gallery", "content_type": 11, "codename": "delete_productgallery"}}, {"model": "auth.permission", "pk": 44, "fields": {"name": "Can view Product Gallery", "content_type": 11, "codename": "view_productgallery"}}, {"model": "auth.permission", "pk": 45, "fields": {"name": "Can add variation", "content_type": 12, "codename": "add_variation"}}, {"model": "auth.permission", "pk": 46, "fields": {"name": "Can change variation", "content_type": 12, "codename": "change_variation"}}, {"model": "auth.permission", "pk": 47, "fields": {"name": "Can delete variation", "content_type": 12, "codename": "delete_variation"}}, {"model": "auth.permission", "pk": 48, "fields": {"name": "Can view variation", "content_type": 12, "codename": "view_variation"}}, {"model": "auth.permission", "pk": 49, "fields": {"name": "Can add order item", "content_type": 13, "codename": "add_orderitem"}}, {"model": "auth.permission", "pk": 50, "fields": {"name": "Can change order item", "content_type": 13, "codename": "change_orderitem"}}, {"model": "auth.permission", "pk": 51, "fields": {"name": "Can delete order item", "content_type": 13, "codename": "delete_orderitem"}}, {"model": "auth.permission", "pk": 52, "fields": {"name": "Can view order item", "content_type": 13, "codename": "view_orderitem"}}, {"model": "auth.permission", "pk": 53, "fields": {"name": "Can add order", "content_type": 14, "codename": "add_order"}}, {"model": "auth.permission", "pk": 54, "fields": {"name": "Can change order", "content_type": 14, "codename": "change_order"}}, {"model": "auth.permission", "pk": 55, "fields": {"name": "Can delete order", "content_type": 14, "codename": "delete_order"}}, {"model": "auth.permission", "pk": 56, "fields": {"name": "Can view order", "content_type": 14, "codename": "view_order"}}, {"model": "auth.permission", "pk": 57, "fields": {"name": "Can add payment", "content_type": 15, "codename": "add_payment"}}, {"model": "auth.permission", "pk": 58, "fields": {"name": "Can change payment", "content_type": 15, "codename": "change_payment"}}, {"model": "auth.permission", "pk": 59, "fields": {"name": "Can delete payment", "content_type": 15, "codename": "delete_payment"}}, {"model": "auth.permission", "pk": 60, "fields": {"name": "Can view payment", "content_type": 15, "codename": "view_payment"}}, {"model": "auth.permission", "pk": 61, "fields": {"name": "Can add review and rating", "content_type": 16, "codename": "add_reviewandrating"}}, {"model": "auth.permission", "pk": 62, "fields": {"name": "Can change review and rating", "content_type": 16, "codename": "change_reviewandrating"}}, {"model": "auth.permission", "pk": 63, "fields": {"name": "Can delete review and rating", "content_type": 16, "codename": "delete_reviewandrating"}}, {"model": "auth.permission", "pk": 64, "fields": {"name": "Can view review and rating", "content_type": 16, "codename": "view_reviewandrating"}}, {"model": "auth.permission", "pk": 65, "fields": {"name": "Can add user profile", "content_type": 17, "codename": "add_userprofile"}}, {"model": "auth.permission", "pk": 66, "fields": {"name": "Can change user profile", "content_type": 17, "codename": "change_userprofile"}}, {"model": "auth.permission", "pk": 67, "fields": {"name": "Can delete user profile", "content_type": 17, "codename": "delete_userprofile"}}, {"model": "auth.permission", "pk": 68, "fields": {"name": "Can view user profile", "content_type": 17, "codename": "view_userprofile"}}, {"model": "auth.permission", "pk": 69, "fields": {"name": "Can add login attempt", "content_type": 18, "codename": "add_loginattempt"}}, {"model": "auth.permission", "pk": 70, "fields": {"name": "Can change login attempt", "content_type": 18, "codename": "change_loginattempt"}}, {"model": "auth.permission", "pk": 71, "fields": {"name": "Can delete login attempt", "content_type": 18, "codename": "delete_loginattempt"}}, {"model": "auth.permission", "pk": 72, "fields": {"name": "Can view login attempt", "content_type": 18, "codename": "view_loginattempt"}}, {"model": "contenttypes.contenttype", "pk": 1, "fields": {"app_label": "admin", "model": "logentry"}}, {"model": "contenttypes.contenttype", "pk": 2, "fields": {"app_label": "auth", "model": "permission"}}, {"model": "contenttypes.contenttype", "pk": 3, "fields": {"app_label": "auth", "model": "group"}}, {"model": "contenttypes.contenttype", "pk": 4, "fields": {"app_label": "contenttypes", "model": "contenttype"}}, {"model": "contenttypes.contenttype", "pk": 5, "fields": {"app_label": "sessions", "model": "session"}}, {"model": "contenttypes.contenttype", "pk": 6, "fields": {"app_label": "accounts", "model": "account"}}, {"model": "contenttypes.contenttype", "pk": 7, "fields": {"app_label": "category", "model": "category"}}, {"model": "contenttypes.contenttype", "pk": 8, "fields": {"app_label": "store", "model": "product"}}, {"model": "contenttypes.contenttype", "pk": 9, "fields": {"app_label": "carts", "model": "cartitem"}}, {"model": "contenttypes.contenttype", "pk": 10, "fields": {"app_label": "carts", "model": "cart"}}, {"model": "contenttypes.contenttype", "pk": 11, "fields": {"app_label": "store", "model": "productgallery"}}, {"model": "contenttypes.contenttype", "pk": 12, "fields": {"app_label": "store", "model": "variation"}}, {"model": "contenttypes.contenttype", "pk": 13, "fields": {"app_label": "orders", "model": "orderitem"}}, {"model": "contenttypes.contenttype", "pk": 14, "fields": {"app_label": "orders", "model": "order"}}, {"model": "contenttypes.contenttype", "pk": 15, "fields": {"app_label": "orders", "model": "payment"}}, {"model": "contenttypes.contenttype", "pk": 16, "fields": {"app_label": "store", "model": "reviewandrating"}}, {"model": "contenttypes.contenttype", "pk": 17, "fields": {"app_label": "accounts", "model": "userprofile"}}, {"model": "contenttypes.contenttype", "pk": 18, "fields": {"app_label": "admin_honeypot", "model": "loginattempt"}}, {"model": "sessions.session", "pk": "03wjoz6wbh4z1brdh48088jr5ji2ky5t", "fields": {"session_data": ".eJxVjMsOwiAQRf-FtSG8JkWX7v0GMsyAVA0kpV01_ruSdKHbe865uwi4rSVsPS1hZnERWpx-t4j0THUAfmC9N0mtrssc5VDkQbu8NU6v6-H-HRTs5VsjoI7WZOO8Y_AGz6SQJ608mil7kwkIyWYAx6jB4zCtS8p54ghGvD_krDfv:1luVmq:JKBISCRYCWIGhP5HYakWXlwV2gsS-9Fczvp4qi6DCnQ", "expire_date": "2021-07-03T07:53:04.680Z"}}, {"model": "sessions.session", "pk": "3wopamvj633zz6sht8gd88f4c5lezmtv", "fields": {"session_data": ".eJxVjDkOwyAQAP9CHSF2MSBcps8bECwQkwMig6sof48suXE7M5ovcz31Xlp1pZbhRnmnPvz749gMGpWQAibgRiFoYy7M-W0sbutpdSWymaFgJxg8PVPdTXz4em-cWh1rCXxP-GE7v7WYXtejPQ0W35f9q0Iw3qK3kA1OqFWUUYClpHJGQiCMNnowZGxWNieEScZEQUtSgYj9_jCJRwk:1lySZZ:jYvt145mBKaJ7zH-tQpr4Dle5AKS7hA3ozJ8p-WkQI0", "expire_date": "2021-07-14T05:15:41.805Z"}}, {"model": "sessions.session", "pk": "4mz8w0z1kpxzz6kpsiffay5ugw6qzfsv", "fields": {"session_data": ".eJxVjMsOwiAQRf-FtSG8JkWX7v0GMsyAVA0kpV01_ruSdKHbe865uwi4rSVsPS1hZnERWpx-t4j0THUAfmC9N0mtrssc5VDkQbu8NU6v6-H-HRTs5VsjoI7WZOO8Y_AGz6SQJ608mil7kwkIyWYAx6jB4zCtS8p54ghGvD_krDfv:1lx13c:XoXQl30ZaIJx3h0kl436rq_DRhrX9BnQf_BjPIfnqHI", "expire_date": "2021-07-10T05:40:44.247Z"}}, {"model": "sessions.session", "pk": "ac3ttvwltg3qbczrlip7apj8ale40ce3", "fields": {"session_data": ".eJxVjMsOwiAQRf-FtSG8JkWX7v0GMsyAVA0kpV01_ruSdKHbe865uwi4rSVsPS1hZnERWpx-t4j0THUAfmC9N0mtrssc5VDkQbu8NU6v6-H-HRTs5VsjoI7WZOO8Y_AGz6SQJ608mil7kwkIyWYAx6jB4zCtS8p54ghGvD_krDfv:1lwiiF:-Rm9d2-I80Eb1HD_9p-I-vudXR8mYQvyQ3FlbriDXnI", "expire_date": "2021-07-09T10:05:27.822Z"}}, {"model": "sessions.session", "pk": "iftrvee5rjk4q8erc8kli5tluq66bacv", "fields": {"session_data": ".eJxVjMsOwiAQRf-FtSG8JkWX7v0GMsyAVA0kpV01_ruSdKHbe865uwi4rSVsPS1hZnERWpx-t4j0THUAfmC9N0mtrssc5VDkQbu8NU6v6-H-HRTs5VsjoI7WZOO8Y_AGz6SQJ608mil7kwkIyWYAx6jB4zCtS8p54ghGvD_krDfv:1lfH9t:3ZLDZNxrrlwuK1OL3QtyBxZwP8FKSNDey7ripNs1aY0", "expire_date": "2021-05-22T07:13:53.822Z"}}, {"model": "sessions.session", "pk": "jb00rc1kvfh676po6w1f2if8lt8evzzp", "fields": {"session_data": ".eJxVjMsOwiAQRf-FtSG8JkWX7v0GMsyAVA0kpV01_ruSdKHbe865uwi4rSVsPS1hZnERWpx-t4j0THUAfmC9N0mtrssc5VDkQbu8NU6v6-H-HRTs5VsjoI7WZOO8Y_AGz6SQJ608mil7kwkIyWYAx6jB4zCtS8p54ghGvD_krDfv:1lwFpS:6kt7Rhr6GC1YPCE47c3mYnGqQX1bQIbuQaaN8PPva9Q", "expire_date": "2021-07-08T03:14:58.301Z"}}, {"model": "sessions.session", "pk": "jlduxsgi79mmk0bz5ehdzqkxr9fgc27j", "fields": {"session_data": ".eJxVjMsOwiAQRf-FtSG8JkWX7v0GMsyAVA0kpV01_ruSdKHbe865uwi4rSVsPS1hZnERWpx-t4j0THUAfmC9N0mtrssc5VDkQbu8NU6v6-H-HRTs5VsjoI7WZOO8Y_AGz6SQJ608mil7kwkIyWYAx6jB4zCtS8p54ghGvD_krDfv:1lvboY:U-j_AgbI814WkCm2m_murXfgaM-xeGMUy8LYZ9Vv9ls", "expire_date": "2021-07-06T08:31:22.779Z"}}, {"model": "sessions.session", "pk": "qodfrurfymq2blrl8qnzyy22y3caqbfu", "fields": {"session_data": ".eJxVjMsOwiAQRf-FtSG8JkWX7v0GMsyAVA0kpV01_ruSdKHbe865uwi4rSVsPS1hZnERWpx-t4j0THUAfmC9N0mtrssc5VDkQbu8NU6v6-H-HRTs5VsjoI7WZOO8Y_AGz6SQJ608mil7kwkIyWYAx6jB4zCtS8p54ghGvD_krDfv:1lwFtJ:rr-ABbDYMtN8CQrn2cl_pnS69snrtrNyIE_QoEotwv0", "expire_date": "2021-07-08T03:18:57.218Z"}}, {"model": "sessions.session", "pk": "rmdym859alwhfn8gc2hooci7j8w9s1t4", "fields": {"session_data": "e30:1lxjTl:IkV32oSotBYxCfM-AmBYO-Vek3haMCZZnisvF0vsvrA", "expire_date": "2021-07-12T05:06:41.358Z"}}, {"model": "accounts.account", "pk": 1, "fields": {"password": "pbkdf2_sha256$260000$AUwKTjbMbuYu6q633W94ei$Z+3EEryf13OmEOAkQ8rGpKWTV1dGQ4kFOG0l6ZBbakQ=", "first_name": "Rhoda", "last_name": "Considine", "username": "your.email+fakedata34752@gmail.com", "email": "your.email+fakedata34752@gmail.com", "phone_number": "+12125552368", "date_joined": "2021-05-05T10:31:14.487Z", "last_login": "2021-06-29T10:29:39.236Z", "is_admin": true, "is_staff": true, "is_active": true, "is_superadmin": true}}, {"model": "accounts.account", "pk": 2, "fields": {"password": "pbkdf2_sha256$260000$SsUxxLKZRQ97K8Z08FNrTj$7NENM0slXxHhwT8Rjrkyi/n8EOvTH/Yw16rNq5zEQow=", "first_name": "test", "last_name": "One", "username": "test", "email": "test@test.com", "phone_number": "+12125552368", "date_joined": "2021-06-22T05:17:07.736Z", "last_login": "2021-06-22T05:17:07.736Z", "is_admin": false, "is_staff": false, "is_active": false, "is_superadmin": false}}, {"model": "accounts.account", "pk": 12, "fields": {"password": "pbkdf2_sha256$260000$YkQ38IvtYakeYrzQj49trf$/0i4BQ1TQyD1q6m7RnDCrTQo2t8B8axjTB6i7JAzvVg=", "first_name": "test", "last_name": "Two", "username": "test2", "email": "test2@test.com", "phone_number": "+12125552368", "date_joined": "2021-06-22T05:56:25.480Z", "last_login": "2021-06-22T05:56:25.480Z", "is_admin": false, "is_staff": false, "is_active": false, "is_superadmin": false}}, {"model": "accounts.account", "pk": 13, "fields": {"password": "pbkdf2_sha256$260000$wei5wcvuNh1CTjzv2bzAFa$mqop+0TJFcFd+eYuki4RG9LE/nCj69kl2B4l0KFXHXg=", "first_name": "test", "last_name": "Three", "username": "test3", "email": "test3@test.com", "phone_number": "+12125552368", "date_joined": "2021-06-22T05:57:15.192Z", "last_login": "2021-06-22T05:57:15.192Z", "is_admin": false, "is_staff": false, "is_active": false, "is_superadmin": false}}, {"model": "accounts.account", "pk": 19, "fields": {"password": "pbkdf2_sha256$260000$bqQjpgJVrYOXgkWGKd8018$5YfC9gbxUTgKnrLq8rSN9gGMS1VMOYm9ykDmLTu2QRU=", "first_name": "test", "last_name": "1", "username": "komeka3390", "email": "komeka3390@0ranges.com", "phone_number": "+12125552368", "date_joined": "2021-06-22T11:23:32.673Z", "last_login": "2021-06-26T05:40:51.997Z", "is_admin": false, "is_staff": false, "is_active": true, "is_superadmin": false}}, {"model": "accounts.account", "pk": 20, "fields": {"password": "pbkdf2_sha256$260000$R3q71LNHPun1B2W6FtFcFY$zB06+/uTsSep3eeqH4lLifrKGcbN2cTWRMqeGIXBbkM=", "first_name": "Agnostic_", "last_name": "Me", "username": "Agnostic Me", "email": "cli4officialks@gmail.com", "phone_number": "+12125552368", "date_joined": "2021-06-29T10:49:16.475Z", "last_login": "2021-06-30T05:15:19.373Z", "is_admin": true, "is_staff": true, "is_active": true, "is_superadmin": true}}, {"model": "accounts.userprofile", "pk": 1, "fields": {"user": 20, "address_line_1": "3361 Orn Extension", "address_line_2": "8606 Lemke Mall", "profile_picture": "user_profile/Beast_Boy.png", "city": "Boscochester", "state": "Vermont", "country": "Ukraine"}}, {"model": "category.category", "pk": 2, "fields": {"category_name": "Smartphones", "slug": "smartphones", "description": "", "category_image": "images/categories/phones.jpg"}}, {"model": "category.category", "pk": 3, "fields": {"category_name": "Gaming Consoles", "slug": "gaming-consoles", "description": "", "category_image": "images/categories/gaming_consoles.jpg"}}, {"model": "category.category", "pk": 4, "fields": {"category_name": "PC Components", "slug": "pc-components", "description": "", "category_image": "images/categories/pc_components.jpg"}}, {"model": "category.category", "pk": 5, "fields": {"category_name": "Laptops", "slug": "laptops", "description": "", "category_image": "images/categories/laptop_category.jpg"}}, {"model": "category.category", "pk": 6, "fields": {"category_name": "Desktops & PCs", "slug": "desktops-pcs", "description": "", "category_image": "images/categories/desktops.jpg"}}, {"model": "category.category", "pk": 7, "fields": {"category_name": "Virtual Reality", "slug": "virtual-reality", "description": "", "category_image": "images/categories/Virtual_Reality.jpg"}}, {"model": "category.category", "pk": 8, "fields": {"category_name": "Tablets", "slug": "tablets", "description": "", "category_image": "images/categories/tablets.jpg"}}, {"model": "category.category", "pk": 9, "fields": {"category_name": "Monitors & TVs", "slug": "monitors-tvs", "description": "", "category_image": "images/categories/monitors__tv.jpg"}}, {"model": "category.category", "pk": 10, "fields": {"category_name": "Audio Accesories", "slug": "audio-accesories", "description": "", "category_image": "images/categories/Audio_accesories.jpg"}}, {"model": "category.category", "pk": 11, "fields": {"category_name": "Keyboards & Mice", "slug": "keyboards-mice", "description": "", "category_image": "images/categories/keyboard__mouses.jpg"}}, {"model": "store.product", "pk": 1, "fields": {"product_name": "Apple AirPods Pro", "slug": "apple-airpods-pro", "description": "Awesome apple Air pods", "price": 250, "images": "images/products/Apple-air-pods-pro.jpg", "stock": 22, "is_available": true, "category": 10, "date_created": "2021-05-06T07:48:08.688Z", "date_modified": "2021-05-06T07:48:08.688Z"}}, {"model": "store.product", "pk": 2, "fields": {"product_name": "Apple iPhone 12 Pro Max", "slug": "apple-iphone-12-pro-max", "description": "Awesome apple iphone", "price": 1300, "images": "images/products/apple-iphone-12-pro-max.jpg", "stock": 4, "is_available": true, "category": 2, "date_created": "2021-05-06T07:49:08.428Z", "date_modified": "2021-06-29T10:55:10.476Z"}}, {"model": "store.product", "pk": 3, "fields": {"product_name": "ASUS ROG Swift 360Hz", "slug": "asus-rog-swift-360hz", "description": "Awesome ASUS 360Hz Monitor", "price": 700, "images": "images/products/ASUS_ROG_Swift_360Hz.jpg", "stock": 11, "is_available": true, "category": 9, "date_created": "2021-05-06T07:50:16.525Z", "date_modified": "2021-06-29T11:10:24.938Z"}}, {"model": "store.product", "pk": 4, "fields": {"product_name": "Corsair Vengeance - 16GB", "slug": "corsair-vengeance-16gb", "description": "Awesome corsair 16gb ram", "price": 100, "images": "images/products/corsair-vegeance-16gb.jpg", "stock": 9, "is_available": true, "category": 4, "date_created": "2021-05-06T07:51:43.616Z", "date_modified": "2021-05-06T07:51:43.616Z"}}, {"model": "store.product", "pk": 5, "fields": {"product_name": "Ducky One Mini 2 RGB", "slug": "ducky-one-mini-2-rgb", "description": "Awesome ducky keyboard", "price": 130, "images": "images/products/ducky-one-mini-2.jpg", "stock": 5, "is_available": true, "category": 11, "date_created": "2021-05-06T07:53:36.113Z", "date_modified": "2021-05-06T07:53:36.113Z"}}, {"model": "store.product", "pk": 6, "fields": {"product_name": "Sony Playstation 5", "slug": "sony-playstation-5", "description": "Awesome sony gaming console", "price": 500, "images": "images/products/sony-playstation-5.jpg", "stock": 2, "is_available": true, "category": 3, "date_created": "2021-05-06T07:54:53.266Z", "date_modified": "2021-06-28T13:00:04.268Z"}}, {"model": "store.product", "pk": 7, "fields": {"product_name": "HTC Vive Cosmos", "slug": "htc-vive-cosmos", "description": "Awesome VR set by HTC", "price": 700, "images": "images/products/HTC_Vive_Cosmos.jpg", "stock": 6, "is_available": true, "category": 7, "date_created": "2021-05-06T07:56:35.638Z", "date_modified": "2021-06-28T13:00:04.287Z"}}, {"model": "store.product", "pk": 8, "fields": {"product_name": "Glorious-Model-D", "slug": "glorious-model-d", "description": "Awesome mouse by Glorious", "price": 70, "images": "images/products/Glorious-Model-D.jpg", "stock": 11, "is_available": true, "category": 11, "date_created": "2021-05-06T07:57:32.146Z", "date_modified": "2021-05-06T07:57:32.146Z"}}, {"model": "store.product", "pk": 9, "fields": {"product_name": "Apple iMac with Retina 5K Display", "slug": "apple-imac-with-retina-5k-display", "description": "Awesome computer by Apple", "price": 1700, "images": "images/products/iMac.jpg", "stock": 2, "is_available": true, "category": 6, "date_created": "2021-05-06T07:59:10.717Z", "date_modified": "2021-05-06T07:59:10.717Z"}}, {"model": "store.product", "pk": 10, "fields": {"product_name": "OneOdio Pro M Wireless", "slug": "oneodio-pro-m-wireless", "description": "Awesome headphones by OneOdio", "price": 55, "images": "images/products/OneOdio_Pro_M_Wireless.jpg", "stock": 22, "is_available": true, "category": 10, "date_created": "2021-05-06T08:00:00.186Z", "date_modified": "2021-05-06T08:00:00.186Z"}}, {"model": "store.product", "pk": 11, "fields": {"product_name": "Xbox series X", "slug": "xbox-series-x", "description": "Awesome gaming console by X Box", "price": 500, "images": "images/products/xbox-series-x.jpg", "stock": 4, "is_available": true, "category": 3, "date_created": "2021-05-06T08:01:26.747Z", "date_modified": "2021-05-06T08:01:26.747Z"}}, {"model": "store.product", "pk": 12, "fields": {"product_name": "Apple iPad Pro (12.9-inch, Wi-Fi, 256GB)", "slug": "apple-ipad-pro-129-inch-wi-fi-256gb", "description": "Awesome tablet by apple", "price": 989, "images": "images/products/Ipad-pro.jpg", "stock": 5, "is_available": true, "category": 8, "date_created": "2021-05-06T08:03:01.678Z", "date_modified": "2021-06-19T09:55:56.089Z"}}, {"model": "store.productgallery", "pk": 3, "fields": {"product": 2, "image": "images/products/iPhone_12_pro_max_1.png"}}, {"model": "store.productgallery", "pk": 4, "fields": {"product": 2, "image": "images/products/iPhone_12_pro_max_2.png"}}, {"model": "store.productgallery", "pk": 5, "fields": {"product": 2, "image": "images/products/iPhone_12_pro_max_3.png"}}, {"model": "store.variation", "pk": 7, "fields": {"product": 2, "variation_category": "color", "variation_value": "Graphite", "is_active": true, "created": "2021-06-21T05:34:30.081Z", "updated": "2021-06-21T05:34:30.081Z"}}, {"model": "store.variation", "pk": 8, "fields": {"product": 2, "variation_category": "color", "variation_value": "Silver", "is_active": true, "created": "2021-06-21T05:34:39.269Z", "updated": "2021-06-21T05:34:39.269Z"}}, {"model": "store.variation", "pk": 9, "fields": {"product": 2, "variation_category": "color", "variation_value": "Gold", "is_active": true, "created": "2021-06-21T05:34:50.865Z", "updated": "2021-06-21T05:34:50.865Z"}}, {"model": "store.variation", "pk": 10, "fields": {"product": 2, "variation_category": "style name", "variation_value": "128 GB", "is_active": true, "created": "2021-06-21T05:34:59.204Z", "updated": "2021-06-21T05:34:59.204Z"}}, {"model": "store.variation", "pk": 11, "fields": {"product": 2, "variation_category": "style name", "variation_value": "256 GB", "is_active": true, "created": "2021-06-21T05:35:09.720Z", "updated": "2021-06-21T05:35:09.720Z"}}, {"model": "store.variation", "pk": 12, "fields": {"product": 2, "variation_category": "style name", "variation_value": "512 GB", "is_active": true, "created": "2021-06-21T05:35:20.516Z", "updated": "2021-06-21T05:36:06.018Z"}}, {"model": "store.reviewandrating", "pk": 1, "fields": {"product": 2, "user": 1, "subject": "Just another smartphone nothing special", "review": "It's over-hyped and over-priced. Samsung is gr8. But didn't regret my purchase _-_", "rating": 3.0, "ip": "127.0.0.1", "status": true, "created_at": "2021-06-28T16:52:13.191Z", "updated_at": "2021-06-29T05:23:04.916Z"}}, {"model": "store.reviewandrating", "pk": 2, "fields": {"product": 2, "user": 19, "subject": "Apple most secure phone but clearly overpriced", "review": "Flawless responsiveness and security but overpriced. The only thing i like about samsung that it porvides best hardware at an effective price range.", "rating": 3.5, "ip": "127.0.0.1", "status": true, "created_at": "2021-06-29T05:36:04.484Z", "updated_at": "2021-06-29T05:36:04.484Z"}}, {"model": "orders.payment", "pk": 1, "fields": {"user": 1, "payment_id": "09R80919M0453673Y", "payment_method": "PayPal", "amount_paid": "1627.5", "status": "COMPLETED", "created_at": "2021-06-28T07:11:08.314Z"}}, {"model": "orders.payment", "pk": 2, "fields": {"user": 1, "payment_id": "14P21316LE9508909", "payment_method": "PayPal", "amount_paid": "1627.5", "status": "COMPLETED", "created_at": "2021-06-28T08:52:46.766Z"}}, {"model": "orders.payment", "pk": 3, "fields": {"user": 1, "payment_id": "7WN634572J675172W", "payment_method": "PayPal", "amount_paid": "1627.5", "status": "COMPLETED", "created_at": "2021-06-28T08:57:26.998Z"}}, {"model": "orders.payment", "pk": 4, "fields": {"user": 1, "payment_id": "3AK56943NV1841623", "payment_method": "PayPal", "amount_paid": "1627.5", "status": "COMPLETED", "created_at": "2021-06-28T08:58:28.157Z"}}, {"model": "orders.payment", "pk": 5, "fields": {"user": 1, "payment_id": "71268142UH845070C", "payment_method": "PayPal", "amount_paid": "1627.5", "status": "COMPLETED", "created_at": "2021-06-28T09:17:03.358Z"}}, {"model": "orders.payment", "pk": 6, "fields": {"user": 1, "payment_id": "22X78137D8986804B", "payment_method": "PayPal", "amount_paid": "2730.0", "status": "COMPLETED", "created_at": "2021-06-28T09:25:28.810Z"}}, {"model": "orders.payment", "pk": 7, "fields": {"user": 1, "payment_id": "6SH273994B105820E", "payment_method": "PayPal", "amount_paid": "2730.0", "status": "COMPLETED", "created_at": "2021-06-28T09:28:18.895Z"}}, {"model": "orders.payment", "pk": 8, "fields": {"user": 1, "payment_id": "39368144LT5029333", "payment_method": "PayPal", "amount_paid": "2730.0", "status": "COMPLETED", "created_at": "2021-06-28T09:29:38.500Z"}}, {"model": "orders.payment", "pk": 9, "fields": {"user": 1, "payment_id": "9EU456361U010092P", "payment_method": "PayPal", "amount_paid": "4095.0", "status": "COMPLETED", "created_at": "2021-06-28T09:44:22.203Z"}}, {"model": "orders.payment", "pk": 10, "fields": {"user": 1, "payment_id": "0X128763YG535970C", "payment_method": "PayPal", "amount_paid": "1365.0", "status": "COMPLETED", "created_at": "2021-06-28T12:20:02.204Z"}}, {"model": "orders.payment", "pk": 11, "fields": {"user": 1, "payment_id": "2SE64569AC938823W", "payment_method": "PayPal", "amount_paid": "1365.0", "status": "COMPLETED", "created_at": "2021-06-28T12:27:20.849Z"}}, {"model": "orders.payment", "pk": 12, "fields": {"user": 1, "payment_id": "78U17687JC833114D", "payment_method": "PayPal", "amount_paid": "1365.0", "status": "COMPLETED", "created_at": "2021-06-28T12:29:28.842Z"}}, {"model": "orders.payment", "pk": 13, "fields": {"user": 1, "payment_id": "9B45212029862002P", "payment_method": "PayPal", "amount_paid": "6720.0", "status": "COMPLETED", "created_at": "2021-06-28T13:00:04.172Z"}}, {"model": "orders.payment", "pk": 14, "fields": {"user": 1, "payment_id": "41G64116ER817981Y", "payment_method": "PayPal", "amount_paid": "1365.0", "status": "COMPLETED", "created_at": "2021-06-29T05:20:17.519Z"}}, {"model": "orders.payment", "pk": 15, "fields": {"user": 20, "payment_id": "11243052Y5906403Y", "payment_method": "PayPal", "amount_paid": "1365.0", "status": "COMPLETED", "created_at": "2021-06-29T10:55:10.429Z"}}, {"model": "orders.payment", "pk": 16, "fields": {"user": 20, "payment_id": "2NH251469E5578510", "payment_method": "PayPal", "amount_paid": "735.0", "status": "COMPLETED", "created_at": "2021-06-29T11:10:24.911Z"}}, {"model": "orders.order", "pk": 72, "fields": {"user": 1, "payment": 14, "order_number": "2021062972", "first_name": "Mable", "last_name": "Corkery", "phone_number": "+12125552368", "email": "your.email+fakedata29115@gmail.com", "address_line_1": "105 Rosendo Hill", "address_line_2": "3776 Davonte Dam", "city": "Eugeniabury", "state": "Nebraska", "country": "Germany", "order_note": "Mississippi", "order_total": 1365.0, "tax": 65.0, "status": "New", "ip": "127.0.0.1", "is_ordered": true, "created_at": "2021-06-29T05:19:51.379Z", "updated_at": "2021-06-29T05:20:17.550Z"}}, {"model": "orders.order", "pk": 73, "fields": {"user": 20, "payment": 15, "order_number": "2021062973", "first_name": "Shannon", "last_name": "Cummings", "phone_number": "+12125552368", "email": "your.email+fakedata99531@gmail.com", "address_line_1": "3563 Wisozk Forks", "address_line_2": "3480 Rodolfo Forks", "city": "Port Janfort", "state": "New Mexico", "country": "Montserrat", "order_note": "Alaska", "order_total": 1365.0, "tax": 65.0, "status": "New", "ip": "127.0.0.1", "is_ordered": true, "created_at": "2021-06-29T10:54:54.059Z", "updated_at": "2021-06-29T10:55:10.466Z"}}, {"model": "orders.order", "pk": 74, "fields": {"user": 20, "payment": 16, "order_number": "2021062974", "first_name": "Patrick", "last_name": "Baumbach", "phone_number": "+12125552368", "email": "your.email+fakedata80097@gmail.com", "address_line_1": "3361 Orn Extension", "address_line_2": "8606 Lemke Mall", "city": "Boscochester", "state": "Vermont", "country": "Ukraine", "order_note": "Texas", "order_total": 735.0, "tax": 35.0, "status": "New", "ip": "127.0.0.1", "is_ordered": true, "created_at": "2021-06-29T11:09:57.729Z", "updated_at": "2021-06-29T11:10:24.932Z"}}, {"model": "orders.orderitem", "pk": 21, "fields": {"order": 72, "payment": 14, "user": 1, "item": 2, "quantity": 1, "product_price": 1300.0, "ordered": true, "created_at": "2021-06-29T05:20:17.536Z", "updated_at": "2021-06-29T05:20:17.536Z", "variation": [8, 12]}}, {"model": "orders.orderitem", "pk": 22, "fields": {"order": 73, "payment": 15, "user": 20, "item": 2, "quantity": 1, "product_price": 1300.0, "ordered": true, "created_at": "2021-06-29T10:55:10.446Z", "updated_at": "2021-06-29T10:55:10.446Z", "variation": [9, 11]}}, {"model": "orders.orderitem", "pk": 23, "fields": {"order": 74, "payment": 16, "user": 20, "item": 3, "quantity": 1, "product_price": 700.0, "ordered": true, "created_at": "2021-06-29T11:10:24.925Z", "updated_at": "2021-06-29T11:10:24.925Z", "variation": []}}, {"model": "admin_honeypot.loginattempt", "pk": 1, "fields": {"username": "komeka3390@0ranges.com", "ip_address": "127.0.0.1", "session_key": "gr4xbwv18olydgt7z66ruw1rrz6bia7v", "user_agent": "Mozilla/5.0 (Windows NT 10.0; Win64; x64) AppleWebKit/537.36 (KHTML, like Gecko) Chrome/91.0.4472.106 Safari/537.36", "timestamp": "2021-06-30T04:54:33.796Z", "path": "/admin/login/?next=/admin/"}}]